Team Name,blomgram,,,,,,,,,,,,,,,,,,,,,,,,,,,,,
Project Name,Beevia,,,,,,,,,,,,,,,,,,,,,,,,,,,,,
Exported By,Victor Peynado,,,,,,,,,,,,,,,,,,,,,,,,,,,,,
Date,10/Aug/2026 09:00 AM,,,,,,,,,,,,,,,,,,,,,,,,,,,,,
Filter,Sprints Contains 0702,,,,,,,,,,,,,,,,,,,,,,,,,,,,,
Item Id,Item Name,Description,Created On,Sprint,Created by,Tags,Completed On,Assignee,Status,Epic,Item Type,Priority,Start Date,End Date,Start After,Duration,Estimation Points,Release,Total Workhours,Work hours per owner,Work hours type,Parent Id,Sprint Type,Sprint Start Date,Sprint End Date,Comments,Created Time,Last Modified,Blocked by,Blocked On
BVA-I72,Invite Link Generation & Invite Tracking,"Build the endpoint that generates an invitelink for a given contact and records that an invite was sent (so the app knowsto show ""Invited"" afterward). Should route an opened invite link intothe signup flow correctly, whether or not the invited person already has theapp installed.",15/Jul/2026 11:38 AM,0702,Fortune Okwu,,,Ayomikun Araoye,REVIEW/QA,,Story,None,,,,,0,,00:00/day,00:00,hrs/day,,Start,21/Jul/2026,07/Aug/2026,,15/Jul/2026 11:38 AM,07/Aug/2026,,
BVA-I38,Send and Receive Messages in Real Time,"Asa user, I want to send and receive messages instantly in a conversation, sothat I can have real-time conversations with the people I chat with. This is thefoundation everything else in the chat engine sits on top of calling, translation,and file sharing are all extensions of a conversation that has to already workreliably in real time.Acceptance Criteria● A message sent by one user appears in theother person's conversation, without either person needingto refresh or reopen the app● Message delivery status is accurate andupdates correctly (sent ➡ delivered ➡ read), matching the states alreadydesigned for the Chat screen● Reopening a conversation shows the fullmessage history in the correct order● Messaging remains reliable on typical mobiledata, not just Wi-Fi",09/Jul/2026 08:36 PM,0702,Fortune Okwu,,,Unassigned,REVIEW/QA,,Story,None,,,,,0,,00:00/day,00:00,hrs/day,,Start,21/Jul/2026,07/Aug/2026,,09/Jul/2026 08:36 PM,07/Aug/2026,,
BVA-I47,Real-Time Message Delivery & Storage,"Build the backend service that deliversmessages between users in real time, stores message history, and tracks eachmessage's status as it moves from sent to delivered to read.",14/Jul/2026 09:11 AM,0702,Fortune Okwu,,,Ayomikun Araoye,REVIEW/QA,,Task,None,,,,,0,,00:00/day,00:00,hrs/day,BVA-I38,Start,21/Jul/2026,07/Aug/2026,,14/Jul/2026 09:11 AM,03/Aug/2026,,
BVA-I48,Chat Thread UI & Message Display,"Build the conversation screen that displays sentand received messages in order, includes the message input bar, and reflectseach message's delivery/read status as it updates in real time",14/Jul/2026 09:12 AM,0702,Fortune Okwu,,,David Samuel,REVIEW/QA,,Task,None,,,,,0,,00:00/day,00:00,hrs/day,BVA-I38,Start,21/Jul/2026,07/Aug/2026,,14/Jul/2026 09:12 AM,03/Aug/2026,,
BVA-I39,Live Typing Preview,"Asa user, I want to see what the other person is typing as they type it, so thatour conversation feels immediate and natural, rather than waiting on a generic""typing…"" indicator.This is adeliberate differentiator from standard chat apps, it's meant to make conversationson Beevia feel more like being on a call together than exchanging texts.Acceptance Criteria● While the other person is composing a message,I see their text appear and update live in the conversation, in real time, asthey type● If they edit or delete what they've typedbefore sending, my view updates to match● If they stop typing or close the app withoutsending, the live preview clears● The experience feels responsive, withoutnoticeable lag between their keystrokes and what I see",09/Jul/2026 08:42 PM,0702,Fortune Okwu,,,Unassigned,REVIEW/QA,,Story,None,,,,,0,,00:00/day,00:00,hrs/day,,Start,21/Jul/2026,07/Aug/2026,,09/Jul/2026 08:42 PM,07/Aug/2026,,
BVA-I49,Real-Time Draft Text Streaming,"Build the real-time channel that streams auser's in-progress draft text to the other participant as they type, updatinglive and clearing appropriately when they stop typing or send the message.",14/Jul/2026 09:13 AM,0702,Fortune Okwu,,,Ayomikun Araoye,REVIEW/QA,,Task,None,,,,,0,,00:00/day,00:00,hrs/day,BVA-I39,Start,21/Jul/2026,07/Aug/2026,,14/Jul/2026 09:13 AM,06/Aug/2026,,
BVA-I50,Live Typing Display in Chat Thread,"Render the other participant's live draft textwithin the conversation thread as it streams in, updating in real time andclearing it once they stop typing or send.",14/Jul/2026 09:13 AM,0702,Fortune Okwu,,,David Samuel,REVIEW/QA,,Task,None,,,,,0,,00:00/day,00:00,hrs/day,BVA-I39,Start,21/Jul/2026,07/Aug/2026,,14/Jul/2026 09:13 AM,06/Aug/2026,,
BVA-I40,Audio Calling,"Asa user, I want to make and receive voice calls with someone I'm chatting with,so that I can talk to them directly without leaving the app.Acceptance Criteria● A user can start a voice call with any contactfrom within their conversation with that person● The other person gets a clear incoming-callnotification and can accept or decline● Call quality holds up on typical mobile data,not just Wi-Fi● Either person can end the call from their sideat any time● A record of the call (missed or answered, andduration) shows up in the conversation history afterward",09/Jul/2026 08:47 PM,0702,Fortune Okwu,,,Unassigned,REVIEW/QA,,Story,None,,,,,0,,00:00/day,00:00,hrs/day,,Start,21/Jul/2026,07/Aug/2026,,09/Jul/2026 08:47 PM,07/Aug/2026,,
BVA-I51,Audio Call Infrastructure & Signaling,"Set up the backend calling infrastructure, includingcall signaling, session management, and logging call records (missed, answered,duration) to the conversation history. LiveKit to be used as the supporting provider",14/Jul/2026 09:14 AM,0702,Fortune Okwu,,,Ayomikun Araoye,REVIEW/QA,,Task,None,,,,,0,,00:00/day,00:00,hrs/day,BVA-I40,Start,21/Jul/2026,07/Aug/2026,,14/Jul/2026 09:14 AM,05/Aug/2026,,
BVA-I52,Audio Call UI,"Build the audio call experience, including theoutgoing call screen, the incoming call/ringing screen with accept and declineactions, in-call controls, and ending the call.",14/Jul/2026 09:15 AM,0702,Fortune Okwu,,,David Samuel,REVIEW/QA,,Task,None,,,,,0,,00:00/day,00:00,hrs/day,BVA-I40,Start,21/Jul/2026,07/Aug/2026,,14/Jul/2026 09:15 AM,05/Aug/2026,,
BVA-I41,Video Calling,"Asa user, I want to make and receive video calls with someone I'm chatting with,so that I can have face-to-face conversations through the app.Acceptance Criteria● Everything in the Audio Calling story applies here as well● A user can turn their camera on/off during acall● A user can switch between front and backcamera during a call● Video quality holds up reasonably well ontypical mobile data",09/Jul/2026 08:50 PM,0702,Fortune Okwu,,,Unassigned,REVIEW/QA,,Story,None,,,,,0,,00:00/day,00:00,hrs/day,,Start,21/Jul/2026,07/Aug/2026,,09/Jul/2026 08:50 PM,07/Aug/2026,,
BVA-I53,Video Call Infrastructure,Extend the calling infrastructure built foraudio calls (CE3-BE) to support video sessions.,14/Jul/2026 09:18 AM,0702,Fortune Okwu,,,Ayomikun Araoye,REVIEW/QA,,Task,None,,,,,0,,00:00/day,00:00,hrs/day,BVA-I41,Start,21/Jul/2026,07/Aug/2026,,14/Jul/2026 09:18 AM,04/Aug/2026,,
BVA-I54,Video Call UI,"Build the video call experience, includingcamera preview, camera on/off toggle, switching between front and back camera,and the video call screen layout.",14/Jul/2026 09:19 AM,0702,Fortune Okwu,,,David Samuel,REVIEW/QA,,Task,None,,,,,0,,00:00/day,00:00,hrs/day,BVA-I41,Start,21/Jul/2026,07/Aug/2026,,14/Jul/2026 09:19 AM,05/Aug/2026,,
BVA-I44,"Share Files, Photos, Contacts, and Location in Chat","Asa user, I want to send documents, photos, a contact card, or my location tosomeone I'm chatting with, so that I can share more than just text when aconversation calls for it such as sending an ID document, sharing a photo, or sending directions tomeet someone.Acceptance Criteria● A user can attach and send a document (e.g. aPDF) in a conversation, and the recipient can open or download it● A user can attach and send one or more photos,viewable directly in the conversation● A user can share a contact from their phone asa card the recipient can view (and save to their own contacts)● A user can share their current location, or achosen location, as a shareable map location● All shared content appears in the conversationhistory with the correct sender and timestamp, the same as a text message would",09/Jul/2026 09:01 PM,0702,Fortune Okwu,,,Unassigned,REVIEW/QA,,Story,None,,,,,0,,00:00/day,00:00,hrs/day,,Start,21/Jul/2026,07/Aug/2026,,09/Jul/2026 09:01 PM,07/Aug/2026,,
BVA-I59,File & Media Upload/Storage Endpoints,"Build the upload and storage endpoints andmessage types needed to support sending documents, photos, contact cards, andlocation within a conversation, and ensure they're retrievable as part of theconversation history.",14/Jul/2026 09:34 AM,0702,Fortune Okwu,,,Ayomikun Araoye,REVIEW/QA,,Task,None,,,,,0,,00:00/day,00:00,hrs/day,BVA-I44,Start,21/Jul/2026,07/Aug/2026,,14/Jul/2026 09:34 AM,04/Aug/2026,,
BVA-I60,Attachment Picker & Media Display,"Build the attachment picker for documents,photos, contacts, and location, and the inline display of each shared file within the chat thread.",14/Jul/2026 09:35 AM,0702,Fortune Okwu,,,David Samuel,REVIEW/QA,,Task,None,,,,,0,,00:00/day,00:00,hrs/day,BVA-I44,Start,21/Jul/2026,07/Aug/2026,,14/Jul/2026 09:35 AM,04/Aug/2026,,
BVA-I67,Contact Permission & Discovery,"Asa user, I want the app to check my phone contacts to see who's already onBeevia, and be able to invite the ones who aren't, so that I can start chattingwith people I know whether or not they've joined the app yetMost people's contact lists will includeplenty of people who aren't on Beevia yet, without a way to invite themdirectly from that same list, discovery only solves half the problem and givesthe app no natural way to grow through word of mouthAcceptance Criteria ● The user is asked to grant permission toaccess their phone contacts, with a clear explanation of why before the systempermission prompt appears● If permission is granted, the user's contactsare checked against Beevia's user base to identify which of them are already onthe app● Contacts who are on Beevia are shown in adiscoverable list, clearly distinguished from contacts who aren't yet on theapp● The user can start a new 1:1 conversationdirectly from this list, for any discovered contact● Re-syncing happens periodically,so contacts who join Beevia later become discoverable without the user needingto do anything, like updating the app● Contacts who are NOT on Beevia show an""Invite"" action in the same list, instead of a way to start a chat● Tapping Invite lets the user send that contacta link to join Beevia (via sms), opening the invite link should take the invited personinto the Beevia signup flow (directing them to install the app if they don'thave it, or opening the app directly if they do)● Once a contact has been invited, the listreflects that (e.g. shows ""Invited"" instead of the Invite action), sothe user has a clear sense of who they've already reached out to",15/Jul/2026 11:14 AM,0702,Fortune Okwu,,,Unassigned,REVIEW/QA,,Story,None,,,,,0,,00:00/day,00:00,hrs/day,,Start,21/Jul/2026,07/Aug/2026,,15/Jul/2026 11:14 AM,07/Aug/2026,,
BVA-I68,Contact Permission & Discovery UI Design,"Design the full discovery flow: apermission-priming screen explaining why contact access is requested (shownbefore the native OS prompt), the synced-contacts list showing who's on Beeviavs. not, the fallback state for when permission is denied, and the empty statefor when no contacts are found on Beevia yet.",15/Jul/2026 11:15 AM,0702,Fortune Okwu,,,Philip Chidera,REVIEW/QA,,Task,None,,,,,0,,00:00/day,00:00,hrs/day,BVA-I67,Start,21/Jul/2026,07/Aug/2026,,15/Jul/2026 11:15 AM,03/Aug/2026,,
BVA-I69,Contact Matching & Sync Endpoint,"Build the backend logic to accept a user'scontact list (phone numbers) and match them against registered Beevia users,returning which contacts are already on the platform. Needs to handle thissecurely and privately (e.g. hashing phone numbers rather than storing rawcontact data beyond what's necessary) and support periodic re-sync as new usersjoin.",15/Jul/2026 11:15 AM,0702,Fortune Okwu,,,Ayomikun Araoye,REVIEW/QA,,Task,None,,,,,0,,00:00/day,00:00,hrs/day,BVA-I67,Start,21/Jul/2026,07/Aug/2026,,15/Jul/2026 11:15 AM,03/Aug/2026,,
BVA-I70,Contact Permission Flow & Discovery UI,"Implement the permission priming screen, thenative OS contact permission request, uploading the device's contact list tothe sync endpoint, displaying the discovered contacts list, handling thepermission denied path gracefully, and starting a new conversation from adiscovered contact.",15/Jul/2026 11:16 AM,0702,Fortune Okwu,,,David Samuel,REVIEW/QA,,Task,None,,,,,0,,00:00/day,00:00,hrs/day,BVA-I67,Start,21/Jul/2026,07/Aug/2026,,15/Jul/2026 11:16 AM,03/Aug/2026,,
BVA-I71,Invite Action & Invited State Design,"Design the Invite action shown next tocontacts who aren't on Beevia within the same discovered-contacts list, theshare/send-invite interaction, and the ""Invited"" state a contactshows afterward so the user can see who they've already reached out to.",15/Jul/2026 11:27 AM,0702,Fortune Okwu,,,Philip Chidera,REVIEW/QA,,Task,None,,,,,0,,00:00/day,00:00,hrs/day,BVA-I67,Start,21/Jul/2026,07/Aug/2026,,15/Jul/2026 11:27 AM,03/Aug/2026,,
BVA-I33,KYC Profile Auto-Population from BVN Record + Submit KYC Profile Integration,"Descriptiongender, address, and the other KycProfileDto fields are associated records returned by the externalBVN/ownership-verification provider as part of the verify bvn ownership verification response. The app readsthese fields off that response and submits them via POST /kyc/profile, without prompting the user to type them in.API IntegrationPOST /api/v1/kyc/profileRequest:{ email, gender: male|female, addressLine1, addressLine2?, city, state,postalCode, country }, the values sourced from the BVN ownership-verificationresponse Acceptance Criteria● After POST /kyc/bvn/verify-ownership succeeds, map the relevant fields from that response into the KycProfileDtoshape and call POST /kyc/profile automatically, ● Pre-fill/reuse the email already captured andverified for the email field in this call● Country defaults to NG on this path● the user sees the Verifying modal and then Wallet Ready, with no intermediate form",06/Jul/2026 05:25 PM,0702,Fortune Okwu,,,David Samuel,REVIEW/QA,Banking Path (Nigeria / BVN / Anchor),Story,None,,,,,0,,00:00/day,00:00,hrs/day,,Start,21/Jul/2026,07/Aug/2026,,06/Jul/2026 05:25 PM,07/Aug/2026,,
BVA-I73,Invite Action Implementation,"Wire up the Invite action to request a linkfrom the backend and send it to the selected contact (an invite message via sms), and update thatcontact's row to the ""Invited"" state once sent.",15/Jul/2026 11:40 AM,0702,Fortune Okwu,,,David Samuel,REVIEW/QA,,Story,None,,,,,0,,00:00/day,00:00,hrs/day,,Start,21/Jul/2026,07/Aug/2026,,15/Jul/2026 11:40 AM,07/Aug/2026,,
BVA-I19,Welcome / Consent Screen,"DescriptionLandingscreen shown before account creation or login. Swipeable illustrated carousel,persistent legal-consent element, and two entry CTAs.Acceptance Criteria● Carousel with page indicator dots; swipeablebetween panels● ""I have read and agree to the PrivacyPolicies and Terms of Service"" text with tappable links that open thelegal documents in an in-app webview (not an external browser)● Single ""Agree & Continue"" actionis the acceptance mechanism, tapping it constitutes agreement and routes intothe phone entry flow; no separate checkbox is required or should be built● ""Login"" secondary CTA routes intothe login flow● Legal document links must not require leavingthe app",06/Jul/2026 03:56 PM,0702,Fortune Okwu,,,David Samuel,REVIEW/QA,Onboarding & Authentication,Story,None,,,,,0,,00:00/day,00:00,hrs/day,,Start,21/Jul/2026,07/Aug/2026,,06/Jul/2026 03:56 PM,07/Aug/2026,,
BVA-I20,Phone Number Entry + Country Picker + Register Integration,"DescriptionFirst step ofthe signup flow. Collects country (via searchable picker with dial code) andphone number, then triggers the signup OTP.API IntegrationPOST /api/v1/auth/register Acceptance Criteria● Country picker defaults to device locale /IP-detected country where available, otherwise Nigeria● Country picker is searchable (""Searchcountry"" field) and shows flag + name + dial code per row, as inPhone_Verification___Countries● Selecting a country updates the dial-codeprefix shown beside the phone field● App composes the full E.164 number (dial code+ local digits) client-side before calling the API● ""Send Code"" CTA disabled until astructurally valid phone number is entered● On success, navigate to OTP Verification passing phone, countryCode, and purpose=signup● On 400 validation_error, show the inline errorstate per Phone_Verification___Error without losing entered data● Loading state shown on the CTA",06/Jul/2026 04:05 PM,0702,Fortune Okwu,,,David Samuel,REVIEW/QA,Onboarding & Authentication,Story,None,,,,,0,,00:00/day,00:00,hrs/day,,Start,21/Jul/2026,07/Aug/2026,,06/Jul/2026 04:05 PM,07/Aug/2026,,
BVA-I21,OTP Verification Screen + Verify/Resend Integration,"Description6-digit code entry componentAPI IntegrationPOST /api/v1/auth/otp/verify POST /api/v1/auth/otp/request Acceptance Criteria● 6 individual digit boxes, auto-advance focusper digit, supports SMS autofill (iOS 'From Messages' suggestion strip /Android SMS Retriever API)● Countdown shown during resend cooldown(""Resend in 00:30""); ""Resend Code"" becomes tappable once itelapses● On otp_invalid/otp_expired, show the redinline error state per the error-state design and clear the entered digits● On otp_too_many_attempts, show an error anddisable further verify attempts for a cooldown window (confirm exact durationwith backend)● On otp_cooldown from a resend tap, surface theexact wait-time message returned by the API● On successful verify: persistaccess_token/refresh_token securely and route by purpose — signup → PIN Setup(A4); login → onboarding-resume logic (A7)",06/Jul/2026 04:36 PM,0702,Fortune Okwu,,,David Samuel,REVIEW/QA,Onboarding & Authentication,Story,None,,,,,0,,00:00/day,00:00,hrs/day,,Start,21/Jul/2026,07/Aug/2026,,06/Jul/2026 04:36 PM,07/Aug/2026,,
BVA-I22,PIN Setup Screen + Biometrics + Set PIN Integration,"DescriptionFirst-time4-digit PIN creation with an optional biometrics opt-in, immediately aftersignup OTP verification.API IntegrationsPOST /api/v1/auth/pinRequest:{ pin: 4-digit string, enableBiometrics?: boolean }Success:200: user with onboarding_step: pin_set, pin_set: true Acceptance Criteria● ""PIN"" and ""Confirm PIN"", two independent 4-box inputs● Continue disabled until both are 4 digits andmatch; inline mismatch error shown on submit if they differ● ""Enable Biometrics"" toggle shownonly when the device supports Face ID / fingerprint; include enableBiometricsin the request only when toggled on● On success, persist the updateduser/onboarding_step and hand off to the path-selection routing logic● If biometrics was enabled, register the devicecredential locally (Face ID / Touch ID / Android BiometricPrompt) for futureunlock, gated on the OS having biometrics enrolled",06/Jul/2026 04:39 PM,0702,Fortune Okwu,,,David Samuel,REVIEW/QA,Onboarding & Authentication,Story,None,,,,,0,,00:00/day,00:00,hrs/day,,Start,21/Jul/2026,07/Aug/2026,,06/Jul/2026 04:39 PM,07/Aug/2026,,
BVA-I23,Login Flow (Returning Users): Phone + OTP Integration,"DescriptionLogin nowcollects only a phone number, then reuses the OTP verification component with purpose=login. All PIN-on-login and Forgot Password UI has been confirmedremoved.API IntegrationPOST /api/v1/auth/loginRequest:{ phone } Acceptance Criteria● Phone number field ● CTA calls /auth/login; on the (always-200)response, navigate to OTP Verification with purpose=login● On successful OTP verify for purpose=login,use the returned user.onboarding_step to route via the resume logic (Onboarding resume logic); ifonboarding is already complete, go straight to the Chat screen",06/Jul/2026 04:46 PM,0702,Fortune Okwu,,,David Samuel,REVIEW/QA,Onboarding & Authentication,Story,None,,,,,0,,00:00/day,00:00,hrs/day,,Start,21/Jul/2026,07/Aug/2026,,06/Jul/2026 04:46 PM,07/Aug/2026,,
BVA-I24,Session & Token Management ,"DescriptionSharednetworking-layer ticket implementing secure storage, attachment, and rotationof access/refresh tokens, plus the standardized response-envelope parsing usedby every other ticket in this set.API IntegrationPOST /api/v1/auth/refreshRequest:{ refreshToken }Success:200: { access_token, refresh_token } (rotated) POST /api/v1/auth/logoutRequest:{ refreshToken }Success:200: { logged_out: true }: idempotent GET /api/v1/auth/meSuccess:200: current user + onboarding stateErrors:401 unauthorized Acceptance Criteria● access_token / refresh_token stored in securedevice storage (Keychain on iOS, EncryptedSharedPreferences/Keystore onAndroid)● All authenticated requests attachAuthorization: Bearer <access_token> via a shared interceptor● On any 401, attempt POST /auth/refresh exactlyonce using the stored refresh token, then retry the original request; on asecond failure (refresh_invalid/session_invalid), clear the session and routeto the Welcome screen● Always persist the new refresh_token returnedby /auth/refresh, treat it as single-use/rotating● Shared response-envelope parser implementedonce ({ success, message, data, meta?, timestamp } / { success:false, message,error, details?, timestamp }) and reused by every networking call in thisticket set, rather than parsed ad hoc per screen",06/Jul/2026 04:49 PM,0702,Fortune Okwu,,,David Samuel,REVIEW/QA,Onboarding & Authentication,Story,None,,,,,0,,00:00/day,00:00,hrs/day,,Start,21/Jul/2026,07/Aug/2026,,06/Jul/2026 04:49 PM,07/Aug/2026,,
BVA-I25,Onboarding Resume Logic,"DescriptionEnsures auser who closes the app mid-onboarding, or logs in on a new device, resumes atthe correct step using the server as source of truth rather than local-onlystate.API IntegrationGET /api/v1/onboarding/stateSuccess:200: current onboarding_step + chosen path Acceptance Criteria● Call GET /onboarding/state on app launch (witha valid stored session) and immediately after OTP verify for an existing user● Map the returned state to a screen:phone_verified -> PIN Setup; pin_set with path still null -> Path Selection if country_code is NG, else silently assign chat_only and go to Basic Info; path chosen but profile/KYC incomplete -> resume at the correct banking orchat-only step; fully complete -> Chat screen● This mapping must be exhaustive over the fullonboarding_step enum",06/Jul/2026 04:54 PM,0702,Fortune Okwu,,,David Samuel,REVIEW/QA,Onboarding & Authentication,Story,None,,,,,0,,00:00/day,00:00,hrs/day,,Start,21/Jul/2026,07/Aug/2026,,06/Jul/2026 04:54 PM,07/Aug/2026,,
BVA-I26,Path Selection Screen (Nigeria-Only Gating) + Choose Path Integration,"DescriptionCentralbusiness-rule ticket for the whole set: this screen is shown only to userswhose country_code (captured at registration) is NG. Every other user skipsit and is auto-assigned the chat-only path.API IntegrationPOST /api/v1/onboarding/pathRequest:{ path: ""chat_only"" | ""chat_banking"" }Success:200 → updated user Acceptance Criteria● After PIN Setup (A4), branch onuser.country_code: if ""NG"": show this screen with two equal-weightcards (""Chat Only"" / ""Chat + Banking""), no cardpre-selected, Continue disabled until one is tapped● If country_code is not ""NG"", skipthis screen entirely; silently call POST /onboarding/path with { path:""chat_only"" }, then navigate straight to Basic Info. No bankingoption, copy, or screen is ever shown to non-Nigerian users, banking isNigeria-only for this release● Selecting ""Chat Only"" + Continue -> call the API with chat_only -> navigate to Basic Info● Selecting ""Chat + Banking"" +Continue -> call the API with chat_banking -> navigate to the Naira Wallet Intro● On API failure, keep the user on this screenwith a retry affordance, do not advance navigation until the call succeeds● Implement the country-based gating in a singleshared onboarding-coordinator function, not duplicated per screen, so futurecountry expansion for banking is a one-line change",06/Jul/2026 04:59 PM,0702,Fortune Okwu,,,David Samuel,REVIEW/QA,Path Selection & Chat-Only Path,Story,None,,,,,0,,00:00/day,00:00,hrs/day,,Start,21/Jul/2026,07/Aug/2026,,06/Jul/2026 04:59 PM,07/Aug/2026,,
BVA-I27,Basic Info Screen (Chat-Only Path) + Submit Profile Integration,"DescriptionCollects nameand date of birth to complete onboarding for chat-only users, reached bothdirectly (Nigerian users who chose Chat Only) and via the silentauto-assignment for non-Nigerian usersAPI IntegrationPOST /api/v1/onboarding/profile Acceptance Criteria● First Name / Last Name text fields; DOBcollected via Day / Month / Year fields as shown in Figma, transform toYYYY-MM-DD before calling the API regardless of the input control used● Continue disabled until all fields holdplausible values● On age_below_minimum, route to the Age-Gatescreen rather than showing an inline field error -> this is the confirmedproduct behavior for under-16 users● On success, this is the end of onboarding forchat-only users: clear the onboarding navigation stack and route to the Chatscreen● Copy must remain path-neutral (nobanking/wallet references) since this screen serves both the direct chat-onlychoice and the silent non-Nigerian auto-assignment",06/Jul/2026 05:02 PM,0702,Fortune Okwu,,,David Samuel,REVIEW/QA,Path Selection & Chat-Only Path,Story,None,,,,,0,,00:00/day,00:00,hrs/day,,Start,21/Jul/2026,07/Aug/2026,,06/Jul/2026 05:02 PM,07/Aug/2026,,
BVA-I28,Age-Gate Screen (Under 16 Block),"DescriptionTerminalscreen shown when the backend rejects a submitted DOB with age_below_minimum.Acceptance Criteria● Reached only via the age_below_minimum branchfrom Basic Info● ""Close App"" is the only forward CTA● The back arrow (top-left) should return toBasic Info so a mistyped DOB can be corrected, rather than closing the app",06/Jul/2026 05:03 PM,0702,Fortune Okwu,,,David Samuel,REVIEW/QA,Path Selection & Chat-Only Path,Story,None,,,,,0,,00:00/day,00:00,hrs/day,,Start,21/Jul/2026,07/Aug/2026,,06/Jul/2026 05:03 PM,07/Aug/2026,,
BVA-I29,Naira Wallet Intro + Email Entry + Send Email Code Integration,"DescriptionFirst screenof the banking path for Nigeria-resident users. Covers the email-submissionhalf of the combined screen; BVN submission is a separate step gatedbehind email verificationAPI IntegrationPOST /api/v1/kyc/email Acceptance Criteria● Explainer copy + informational callout● On Continue, submit the email field via POST/kyc/email first; do not allow BVN submission until email verification succeeds● ""Use chat only instead"" link callsPOST /onboarding/path again with { path: ""chat_only"" } to downgradefrom chat_banking, then navigates the user into the chat-only path screens,starting at Basic Info● Loading/disabled state on Continue while therequest is in flight",06/Jul/2026 05:07 PM,0702,Fortune Okwu,,,David Samuel,REVIEW/QA,Banking Path (Nigeria / BVN / Anchor),Story,None,,,,,0,,00:00/day,00:00,hrs/day,,Start,21/Jul/2026,07/Aug/2026,,06/Jul/2026 05:07 PM,07/Aug/2026,,
BVA-I30,Email OTP Verification Screen + Verify Email Integration,"DescriptionConfirms theemail code sent before BVN lookup can proceed.API IntegrationPOST /api/v1/kyc/email/verifyRequest:{ code }Success:200: email verified, returns userErrors:400 otp_invalid / otp_expired / otp_too_many_attempts Acceptance Criteria● Reuse the shared OTP-entry component, parameterized for the email-verification context● On success, proceed to BVN entry withinthe same combined-screen flow● Standard OTP error handling",06/Jul/2026 05:09 PM,0702,Fortune Okwu,,,David Samuel,REVIEW/QA,Banking Path (Nigeria / BVN / Anchor),Story,None,,,,,0,,00:00/day,00:00,hrs/day,,Start,21/Jul/2026,07/Aug/2026,,06/Jul/2026 05:09 PM,07/Aug/2026,,
BVA-I31,BVN Entry Screen + BVN Lookup Integration,"DescriptionCollects the11-digit BVN and confirms it exists, returning the availableownership-verification methods.API IntegrationPOST /api/v1/kyc/bvnRequest:{ bvn: 11-digit string }Success:200: BVN found, returns available methods (face / record; phone not yetsupported)Errors:400 bvn_not_found Acceptance Criteria● 11 individual digit boxes, numeric keyboardonly; Continue disabled until all 11 are entered● Only reachable once email verification has succeeded● On bvn_not_found, show an inline error and allowre-entry without losing the verified-email state",06/Jul/2026 05:12 PM,0702,Fortune Okwu,,,David Samuel,REVIEW/QA,Banking Path (Nigeria / BVN / Anchor),Story,None,,,,,0,,00:00/day,00:00,hrs/day,,Start,21/Jul/2026,07/Aug/2026,,06/Jul/2026 05:12 PM,07/Aug/2026,,
BVA-I32,BVN Verifying State (Loading/Progress Modal),"DescriptionNon-dismissible""Verifying Your Details"" modal with a spinner, shown while theownership-verification call (POST /kyc/bvn/verify-ownership) is in flight,after the selfie has been captured.Acceptance Criteria● The BVN lookup call (POST /kyc/bvn) isa quick inline call from the BVN entry screen itself and does NOT trigger thismodal, any loading state for that call is a lightweight inlinespinner/disabled-button state ● This modal is shown specifically while POST/kyc/bvn/verify-ownership is in flight, i.e. after the user has capturedtheir selfie in the face-verification step● On success, auto-dismiss and navigate to KYCProfile or Wallet Ready depending on whether profile fields werealready populated● On failure, dismiss the modal and show aninline error with retry on the take selfie screen",06/Jul/2026 05:21 PM,0702,Fortune Okwu,,,David Samuel,REVIEW/QA,Banking Path (Nigeria / BVN / Anchor),Story,None,,,,,0,,00:00/day,00:00,hrs/day,,Start,21/Jul/2026,07/Aug/2026,,06/Jul/2026 05:21 PM,07/Aug/2026,,
BVA-I34,Face Verification Instructions Screen,"DescriptionInstructionalscreen preceding the camera capture step, covering lighting, glasses/hats, andframing guidance.Acceptance Criteria● Static instructional content: lighting, removeglasses/hats, keep face centered● ""Continue""/""Start"" CTAlaunches the camera capture flow● Camera permission requested gracefully if notalready granted, with an in-app rationale shown before the OS permission dialog",06/Jul/2026 05:26 PM,0702,Fortune Okwu,,,David Samuel,REVIEW/QA,Banking Path (Nigeria / BVN / Anchor),Story,None,,,,,0,,00:00/day,00:00,hrs/day,,Start,21/Jul/2026,07/Aug/2026,,06/Jul/2026 05:26 PM,07/Aug/2026,,
BVA-I35,Take Selfie Capture Screen + Verify BVN Ownership Integration,"DescriptionIn-app cameracapture with a face-guide overlay; submits the selfie alongside the BVN forownership verification.API IntegrationPOST /api/v1/kyc/bvn/verify-ownershipRequest:{ bvn, method: ""face"", selfieImage: base64/data-URL }Acceptance Criteria● In-app camera view with an oval face-guideoverlay matching the Figma framing● ""Take Selfie"" captures,compresses/encodes the image (base64 or data-URL), and submits it with thepreviously-entered bvn and method: ""face""● Show the Verifying modal while therequest is in flight● On face_verification_failed, return to thisscreen with a retry affordance and clear guidance (e.g. ""We couldn'tverify your face, try again in better lighting"")● On method_unavailable, handle defensively witha fallback message directing the user to contact support● On success, the ownership-verificationresponse is the source of the KYC profile data auto-submitted, nouser-facing step happens between this screen and Wallet Ready beyond theVerifying modal",06/Jul/2026 05:29 PM,0702,Fortune Okwu,,,David Samuel,REVIEW/QA,Banking Path (Nigeria / BVN / Anchor),Story,None,,,,,0,,00:00/day,00:00,hrs/day,,Start,21/Jul/2026,07/Aug/2026,,06/Jul/2026 05:29 PM,07/Aug/2026,,
BVA-I36,Wallet Ready / Confirmation Screen + Wallet Details Integration,"DescriptionFinalconfirmation screen of the banking path, displays the new NGN wallet's accountdetails, called after the KYC profile auto-submission completes.API IntegrationGET /api/v1/wallets/payin-detailsSuccess:200 — { account_number, account_name, bank_name } for the newly created NGNwallet Acceptance Criteria● Call GET /api/v1/wallets/payin-details afterKYC profile submission succeeds, and display the returned accountnumber, account name, and bank name● replace account placeholder text based on response● Copy icon next to the account number copies toclipboard with a confirmation toast● Share button opens the native share sheet withthe account details as text● Continue routes to the Chat screen: banking onboarding is complete",06/Jul/2026 05:31 PM,0702,Fortune Okwu,,,David Samuel,REVIEW/QA,Banking Path (Nigeria / BVN / Anchor),Story,None,,,,,0,,00:00/day,00:00,hrs/day,,Start,21/Jul/2026,07/Aug/2026,,06/Jul/2026 05:31 PM,07/Aug/2026,,
BVA-I37,Post-Onboarding Routing to Chat Screen,"DescriptionEnsures everyvalid completion path, chat-only profile submit or banking wallet-ready, converges on the same Chat screen entry point, with the onboarding navigationstack fully cleared.Acceptance Criteria● Chat-only completion (Basic Info Screen(Chat-Only Path) + Submit Profile Integration success) routes tothe Chat screen● Banking completion (Wallet Ready / ConfirmationScreen + Wallet Details Integration Continue) routes to theChat screen● Onboarding navigation stack is cleared onentry, no back-swipe/back-button return into onboarding● Local onboarding-state cache is cleared/markedcomplete so app relaunch skips directly to the Chat screen without anunnecessary onboarding/state call (still verify session validity via GET/auth/me)",06/Jul/2026 05:34 PM,0702,Fortune Okwu,,,David Samuel,REVIEW/QA,Onboarding Completion & Chat Entry,Story,None,,,,,0,,00:00/day,00:00,hrs/day,,Start,21/Jul/2026,07/Aug/2026,,06/Jul/2026 05:34 PM,07/Aug/2026,,
BVA-I65,Empty State for New Users (Home Screen),"Asa new user with no conversations yet, I want to see a clear starting pointinstead of a blank screen, so that I know what to do to start chatting.This is the first screen a brand new user lands on right after finishingonboarding. Implement the empty state UI on the Homescreen, shown only when the user has zero conversations, and automaticallyreplaced by the normal conversation list once they have at least one.Acceptance Criteria● A user with zero conversations sees adedicated empty state instead of a blank conversation list● The empty state clearly points the user towardstarting their first conversation As soon as the user has at least oneconversation, this empty state is automatically replaced by the normalconversation list",15/Jul/2026 10:26 AM,0702,Fortune Okwu,,,David Samuel,REVIEW/QA,,Story,None,,,,,0,,00:00/day,00:00,hrs/day,,Start,21/Jul/2026,07/Aug/2026,,15/Jul/2026 10:26 AM,07/Aug/2026,,
BVA-I66,Empty State for New Users (Home Screen),"Design the empty state for theHome/conversation-list screen, shown only to users with zero conversations.Should include messaging and/or illustration that points the user towardstarting their first chat, and should connect visually to the contact discoveryflow​",15/Jul/2026 10:30 AM,0702,Fortune Okwu,,17/Jul/2026 04:57 PM,Philip Chidera,Done,,Story,None,,,,,0,,00:00/day,00:00,hrs/day,,Start,21/Jul/2026,07/Aug/2026,,15/Jul/2026 10:30 AM,21/Jul/2026,,
BVA-I74,Per Conversation Read Receipts Toggle,"Asa user, I want to turn read receipts on or off for a specific conversation, sothat I can control whether that person sees when I've read their messages,without it affecting any of my other conversations.Most chatapps only let you control read receipts app-wide. Beevia is doing this per conversation instead.Acceptance Criteria● From a specific conversation's settings, auser can turn read receipts on or off for that conversation only● Read receipts are on by default for everyconversation, matching the existing delivered/read behavior already built, this is an opt-out setting, not opt-in● When turned off for a conversation, the otherparticipant stops seeing a ""read"" status for that user's messages inthat conversation, their messages appear as delivered, not read, even onceactually read● Turning read receipts off for a conversationalso removes that user's own visibility into the other participant's readstatus for that same conversation, matching the standard reciprocal pattern(you only see theirs if you're also sharing yours).● The change applies immediately going forward;when turned off, previously-shown ""read"" statuses for thatconversation should also be hidden retroactively, so the setting behavesconsistently rather than leaving old read receipts visible",17/Jul/2026 04:45 PM,0702,Fortune Okwu,,,Unassigned,REVIEW/QA,,Story,None,,,,,0,,00:00/day,00:00,hrs/day,,Start,21/Jul/2026,07/Aug/2026,,17/Jul/2026 04:45 PM,07/Aug/2026,,
BVA-I75,Read Receipts Toggle UI,"Design where this toggle lives within aconversation's settings/overflow menu, and how the on/off state is communicatedclearly to the user.",17/Jul/2026 04:46 PM,0702,Fortune Okwu,,23/Jul/2026 11:01 AM,Philip Chidera,Done,,Task,None,,,,,0,,00:00/day,00:00,hrs/day,BVA-I74,Start,21/Jul/2026,07/Aug/2026,,17/Jul/2026 04:46 PM,23/Jul/2026,,
BVA-I76,Per-Conversation Read Receipt Preference & Enforcement,"Store the read-receipt preference perconversation (not app-wide), and ensure the message status logic respects it, withholding or showing ""read"" status accordingly,including the reciprocal hide both ways behavior.",17/Jul/2026 04:46 PM,0702,Fortune Okwu,,,Ayomikun Araoye,REVIEW/QA,,Task,None,,,,,0,,00:00/day,00:00,hrs/day,BVA-I74,Start,21/Jul/2026,07/Aug/2026,,17/Jul/2026 04:46 PM,04/Aug/2026,,
BVA-I77,Read Receipts Toggle Implementation,"Build the toggle UI within conversationsettings, and ensure the chat thread reflects the correct read-statusvisibility (or lack thereof) based on the setting.",17/Jul/2026 04:47 PM,0702,Fortune Okwu,,,David Samuel,REVIEW/QA,,Task,None,,,,,0,,00:00/day,00:00,hrs/day,BVA-I74,Start,21/Jul/2026,07/Aug/2026,,17/Jul/2026 04:47 PM,04/Aug/2026,,
BVA-I82,Hamburger Quick Actions Menu,"Asa user, I want a quick menu from the Home screen, so that I can jump toArchive, Appearance, Settings, Help, or Logout without digging through nestedscreens.Acceptance Criteria● Tapping the hamburger icon opens thequick-actions modal● Archive Chats routes to the Archived Chatsscreen ● Appearance routes to the Appearance settingsscreen ● Settings routes to the Settings hub● Help & Support routes to the helpdestination ● Logout requires a confirmation before endingthe session",21/Jul/2026 04:29 PM,0702,Fortune Okwu,,,Unassigned,REVIEW/QA,,Story,None,,,,,0,,00:00/day,00:00,hrs/day,,Start,21/Jul/2026,07/Aug/2026,,21/Jul/2026 04:29 PM,07/Aug/2026,,
BVA-I83,Logout Confirmation Handling,Ensure the existing logout endpoint (fromonboarding's session management work) is reachable and behaves correctly whentriggered from this entry point,21/Jul/2026 04:29 PM,0702,Fortune Okwu,,,Ayomikun Araoye,REVIEW/QA,,Task,None,,,,,0,,00:00/day,00:00,hrs/day,BVA-I82,Start,21/Jul/2026,07/Aug/2026,,21/Jul/2026 04:29 PM,03/Aug/2026,,
BVA-I84,Quick Actions Modal & Routing,"Build the modal UI and wire each option to itsdestination screen, including the logout confirmation step",21/Jul/2026 04:30 PM,0702,Fortune Okwu,,,David Samuel,REVIEW/QA,,Task,None,,,,,0,,00:00/day,00:00,hrs/day,BVA-I82,Start,21/Jul/2026,07/Aug/2026,,21/Jul/2026 04:30 PM,03/Aug/2026,,
BVA-I85,Select Messages Mode: Bulk Delete & Archive (Conversation List),"Asa user, I want to select multiple conversations at once from my chat list, sothat I can delete or archive several conversations in one action instead of oneat a time.Acceptance Criteria● Entering select mode shows a checkbox perconversation row and a selection count● The bulk action bar offers Delete and Archivefor the selected conversations● Deleting selected conversations removes themonly for the user who deleted them, the other participant's copy of eachconversation is unaffected● Archiving selected conversations moves them toArchived Chats ● Tapping the X exits select mode without takingany action",21/Jul/2026 04:32 PM,0702,Fortune Okwu,,,Unassigned,REVIEW/QA,,Story,None,,,,,0,,00:00/day,00:00,hrs/day,,Start,21/Jul/2026,07/Aug/2026,,21/Jul/2026 04:32 PM,07/Aug/2026,,
BVA-I86,Per User Conversation Delete & Archive,"Implement per-user (not shared) delete andarchive semantics for conversations, deleting or archiving must only affectthe acting user's view of the conversation, never the other participant's.",21/Jul/2026 04:33 PM,0702,Fortune Okwu,,,Ayomikun Araoye,REVIEW/QA,,Task,None,,,,,0,,00:00/day,00:00,hrs/day,BVA-I85,Start,21/Jul/2026,07/Aug/2026,,21/Jul/2026 04:33 PM,03/Aug/2026,,
BVA-I87,Multi Select UI & Bulk Actions,"Build the select-mode UI (checkboxes,selection count, bulk action bar) and wire Delete/Archive to the backend.",21/Jul/2026 04:33 PM,0702,Fortune Okwu,,,David Samuel,REVIEW/QA,,Task,None,,,,,0,,00:00/day,00:00,hrs/day,BVA-I85,Start,21/Jul/2026,07/Aug/2026,,21/Jul/2026 04:33 PM,03/Aug/2026,,
BVA-I88,Archived Chats,"Asa user, I want to see and search my archived conversations separately from mymain list, so that my main list stays focused on active conversations withoutlosing old ones.Acceptance Criteria● Archived Chats screen lists archivedconversations with the same row layout as the main list● A dedicated search field filters archivedconversations● Tapping an archived conversation opens itnormally",21/Jul/2026 04:34 PM,0702,Fortune Okwu,,,Unassigned,REVIEW/QA,,Story,None,,,,,0,,00:00/day,00:00,hrs/day,,Start,21/Jul/2026,07/Aug/2026,,21/Jul/2026 04:34 PM,07/Aug/2026,,
BVA-I89,Archived Conversations Fetch & Search,Build the endpoint to fetch a user's archivedconversations and support searching within them.,21/Jul/2026 04:35 PM,0702,Fortune Okwu,,,Ayomikun Araoye,REVIEW/QA,,Task,None,,,,,0,,00:00/day,00:00,hrs/day,BVA-I88,Start,21/Jul/2026,07/Aug/2026,,21/Jul/2026 04:35 PM,03/Aug/2026,,
BVA-I90,Archived Chats Screen,"Build the screen, wire the search field, andhandle opening an archived conversation.",21/Jul/2026 04:37 PM,0702,Fortune Okwu,,,David Samuel,REVIEW/QA,,Task,None,,,,,0,,00:00/day,00:00,hrs/day,BVA-I88,Start,21/Jul/2026,07/Aug/2026,,21/Jul/2026 04:37 PM,03/Aug/2026,,
BVA-I94,Settings Hub,"Asa user, I want a central Settings screen showing my profile and links toaccount-related settings, so that I have one place to manage everything aboutmy account.Acceptance Criteria● Profile photo, name, and username shown at thetop● Rows: Account Information, Appearance, BlockedContacts (with a live count), Notifications, Security, Privacy Policy, AboutBeevia, Help and Support, Logout● Each row routes to its destination screenhttps://www.figma.com/design/rgoYXchj9GTX4LkTELR0cb/BEEVIA?node-id=1180-28165&t=TaX7HIos2P5TtwmI-4",21/Jul/2026 04:46 PM,0702,Fortune Okwu,,,Unassigned,REVIEW/QA,,Story,None,,,,,0,,00:00/day,00:00,hrs/day,,Start,21/Jul/2026,07/Aug/2026,,21/Jul/2026 04:46 PM,07/Aug/2026,,
BVA-I95,Profile Summary & Blocked Count,"Expose the current user's profile summary(photo, name, username) and a live blocked-contacts count for this screen.https://www.figma.com/design/rgoYXchj9GTX4LkTELR0cb/BEEVIA?node-id=1180-28165&t=TaX7HIos2P5TtwmI-4",21/Jul/2026 04:47 PM,0702,Fortune Okwu,,,Ayomikun Araoye,REVIEW/QA,,Task,None,,,,,0,,00:00/day,00:00,hrs/day,BVA-I94,Start,21/Jul/2026,07/Aug/2026,,21/Jul/2026 04:47 PM,03/Aug/2026,,
BVA-I96,Settings Hub Screen,Build the screen and wire navigation to eachdestinationhttps://www.figma.com/design/rgoYXchj9GTX4LkTELR0cb/BEEVIA?node-id=1180-28165&t=TaX7HIos2P5TtwmI-4,21/Jul/2026 04:47 PM,0702,Fortune Okwu,,,David Samuel,REVIEW/QA,,Task,None,,,,,0,,00:00/day,00:00,hrs/day,BVA-I94,Start,21/Jul/2026,07/Aug/2026,,21/Jul/2026 04:47 PM,03/Aug/2026,,
BVA-I97,Account Information: View & Edit Profile,"Asa user, I want to view and edit my account details, so that I can keep myprofile accurate and up to date.Acceptance Criteria● Displays Full Name, Username, Date of Birth,Phone Number, Email Address, Country, Account Type, and Verification Status,plus an editable profile photo● Full Name and Username are directly editable● Phone Number is editable, but requiresre-verification via a new OTP sent to the new number before the change takeseffect● Account Type: for Chat + Banking users, thisis a read-only status display. For Chat Only users, this row is tappable andstarts the upgrade flow into Chat + Banking, re-entering the same KYC/BVNaccount setup used during onboarding● Verification Status is a read-only display",21/Jul/2026 04:49 PM,0702,Fortune Okwu,,,Unassigned,REVIEW/QA,,Story,None,,,,,0,,00:00/day,00:00,hrs/day,,Start,21/Jul/2026,07/Aug/2026,,21/Jul/2026 04:49 PM,07/Aug/2026,,
BVA-I98,Phone Number Change Flow,"Design the ""change phone number""entry screen (enter new number), reusing the existing OTP verificationcomponent for the re-verification step itself.",21/Jul/2026 04:50 PM,0702,Fortune Okwu,,23/Jul/2026 11:01 AM,Philip Chidera,Done,,Task,None,,,,,0,,00:00/day,00:00,hrs/day,BVA-I97,Start,21/Jul/2026,07/Aug/2026,,21/Jul/2026 04:50 PM,23/Jul/2026,,
BVA-I99, Chat Only to Chat + Banking Upgrade Entry,"Design the entry/confirmation screen shownwhen a Chat Only user taps Account Type to upgrade, before they're routed intothe reused KYC/BVN onboarding flow.",21/Jul/2026 04:51 PM,0702,Fortune Okwu,,23/Jul/2026 03:51 PM,Philip Chidera,Done,,Task,None,,,,,0,,00:00/day,00:00,hrs/day,BVA-I97,Start,21/Jul/2026,07/Aug/2026,,21/Jul/2026 04:51 PM,23/Jul/2026,,
BVA-I100,"Profile Edit, Phone Re-Verification & Upgrade Trigger","Build endpoints for editing name/username,changing phone number with OTP re-verification, and triggering thechat-only-to-banking upgrade path (reusing the existing onboardingpath-selection logic, now initiated post-onboarding from Settings).",21/Jul/2026 04:51 PM,0702,Fortune Okwu,,,Ayomikun Araoye,REVIEW/QA,,Task,None,,,,,0,,00:00/day,00:00,hrs/day,BVA-I97,Start,21/Jul/2026,07/Aug/2026,,21/Jul/2026 04:51 PM,03/Aug/2026,,
BVA-I101,Account Information Screen,"Build the screen with inline/modal editing foreditable fields, wire the phone re-verification flow, and wire the Account Typeupgrade tap-through for Chat Only users.",21/Jul/2026 04:52 PM,0702,Fortune Okwu,,,David Samuel,REVIEW/QA,,Task,None,,,,,0,,00:00/day,00:00,hrs/day,BVA-I97,Start,21/Jul/2026,07/Aug/2026,,21/Jul/2026 04:52 PM,03/Aug/2026,,
BVA-I102,Blocked Contacts: List & Unblock,"Asa user, I want to see everyone I've blocked and unblock them if I choose, sothat I stay in control of who can reach me.Acceptance Criteria● Lists blocked contacts with avatar, name, andusername● Each row has an Unblock action● Unblocking removes the contact from this listand restores their ability to message or call the user",21/Jul/2026 05:02 PM,0702,Fortune Okwu,,,Unassigned,REVIEW/QA,,Story,None,,,,,0,,00:00/day,00:00,hrs/day,,Start,21/Jul/2026,07/Aug/2026,,21/Jul/2026 05:02 PM,07/Aug/2026,,
BVA-I103,Blocked Contacts List & Unblock,Build the endpoint to list a user's blockedcontacts and the unblock action,21/Jul/2026 05:05 PM,0702,Fortune Okwu,,,Ayomikun Araoye,REVIEW/QA,,Task,None,,,,,0,,00:00/day,00:00,hrs/day,BVA-I102,Start,21/Jul/2026,07/Aug/2026,,21/Jul/2026 05:05 PM,04/Aug/2026,,
BVA-I104,Blocked Contacts Screen,Build the list screen and wire the Unblockaction.https://www.figma.com/design/rgoYXchj9GTX4LkTELR0cb/BEEVIA?node-id=1209-29867&t=TaX7HIos2P5TtwmI-4,21/Jul/2026 05:06 PM,0702,Fortune Okwu,,,David Samuel,REVIEW/QA,,Task,None,,,,,0,,00:00/day,00:00,hrs/day,BVA-I102,Start,21/Jul/2026,07/Aug/2026,,21/Jul/2026 05:06 PM,04/Aug/2026,,
BVA-I105,Notification Settings,"Asa user, I want granular control over which notifications I receive and how, sothat I only get alerted about what matters to me.Acceptance Criteria● Conversations section: toggles for Messages,Voice Calls, Video Calls● Money section: toggles for Money Received,Money Sent, Money Requests, Wallet Activity● Tones section: Notification Sound, CallRingtone, Message Tone — each opens a picker● Feedback section: toggles for Vibration,Keyboard Sounds● Account section: toggles for Security Alerts,Product Updates● Every toggle persists and actually suppressesor enables the corresponding notification type",21/Jul/2026 05:25 PM,0702,Fortune Okwu,,,Unassigned,REVIEW/QA,,Story,None,,,,,0,,00:00/day,00:00,hrs/day,,Start,21/Jul/2026,07/Aug/2026,,21/Jul/2026 05:25 PM,07/Aug/2026,,
BVA-I106,Notification Preference Storage & Enforcement,"Store per-user notification preferences acrossall listed categories, and ensure each notification type checks and respectsthe relevant preference before sending.https://www.figma.com/design/rgoYXchj9GTX4LkTELR0cb/BEEVIA?node-id=1213-32564&t=TaX7HIos2P5TtwmI-4",21/Jul/2026 05:26 PM,0702,Fortune Okwu,,,Ayomikun Araoye,REVIEW/QA,,Task,None,,,,,0,,00:00/day,00:00,hrs/day,BVA-I105,Start,21/Jul/2026,07/Aug/2026,,21/Jul/2026 05:26 PM,04/Aug/2026,,
BVA-I107,Notification Settings Screen,"Build the screen with all toggle groups andtone pickers, wired to the backend preferences.https://www.figma.com/design/rgoYXchj9GTX4LkTELR0cb/BEEVIA?node-id=1213-32564&t=TaX7HIos2P5TtwmI-4",21/Jul/2026 05:28 PM,0702,Fortune Okwu,,,David Samuel,REVIEW/QA,,Task,None,,,,,0,,00:00/day,00:00,hrs/day,BVA-I105,Start,21/Jul/2026,07/Aug/2026,,21/Jul/2026 05:28 PM,07/Aug/2026,,
BVA-I108,Chat Overflow Menu,"Asa user, I want quick access to conversation-level actions and info from withina chat, so that I can find contact details, search messages, view shared media,or manage/report the conversation without leaving it.Acceptance Criteria● The overflow (⋮) icon opens a modal with ViewContact, Search, Media, Conversation, and Report● Each option routes to its corresponding screenhttps://www.figma.com/design/rgoYXchj9GTX4LkTELR0cb/BEEVIA?node-id=1076-29175&t=TaX7HIos2P5TtwmI-4",21/Jul/2026 05:38 PM,0702,Fortune Okwu,,,Unassigned,REVIEW/QA,,Story,None,,,,,0,,00:00/day,00:00,hrs/day,,Start,21/Jul/2026,07/Aug/2026,,21/Jul/2026 05:38 PM,07/Aug/2026,,
BVA-I109,Overflow Menu & Routing,Build the modal UI and wire each option to itsdestination screen.,21/Jul/2026 05:38 PM,0702,Fortune Okwu,,,David Samuel,REVIEW/QA,,Task,None,,,,,0,,00:00/day,00:00,hrs/day,BVA-I108,Start,21/Jul/2026,07/Aug/2026,,21/Jul/2026 05:38 PM,29/Jul/2026,,
BVA-I110,Contact Profile (View Contact),"Asa user, I want to view a contact's profile from within our conversation, sothat I can see their details and quickly message, call, or manage therelationship without losing the chat context.Acceptance Criteria● Shows avatar, name, username, and anonline-status indicator● Message, Call, and Video quick-action buttons● Phone Number and Joined date displayed● Media row shows a count and opens the SharedMedia viewer● Send Money, Request Money, and Payment Historyrows are present● Mute Notifications toggle● Block Contact routes to the block confirmationhttps://www.figma.com/design/rgoYXchj9GTX4LkTELR0cb/BEEVIA?node-id=1115-33648&t=TaX7HIos2P5TtwmI-4",21/Jul/2026 05:42 PM,0702,Fortune Okwu,,,Unassigned,REVIEW/QA,,Story,None,,,,,0,,00:00/day,00:00,hrs/day,,Start,21/Jul/2026,07/Aug/2026,,21/Jul/2026 05:42 PM,07/Aug/2026,,
BVA-I111,Contact Profile Summary,"Build the endpoint returning a contact'sprofile summary for this screen, including media count and payment historycount.https://www.figma.com/design/rgoYXchj9GTX4LkTELR0cb/BEEVIA?node-id=1115-33648&t=TaX7HIos2P5TtwmI-4",21/Jul/2026 05:42 PM,0702,Fortune Okwu,,,Ayomikun Araoye,REVIEW/QA,,Task,None,,,,,0,,00:00/day,00:00,hrs/day,BVA-I110,Start,21/Jul/2026,07/Aug/2026,,21/Jul/2026 05:42 PM,04/Aug/2026,,
BVA-I112,Contact Profile Screen,"Build the screen and wire all actions(message, call, video, mute, block, media, payment history).https://www.figma.com/design/rgoYXchj9GTX4LkTELR0cb/BEEVIA?node-id=1115-33648&t=YIxe0csZ3Ev1HNUs-4",21/Jul/2026 05:43 PM,0702,Fortune Okwu,,,David Samuel,REVIEW/QA,,Task,None,,,,,0,,00:00/day,00:00,hrs/day,BVA-I110,Start,21/Jul/2026,07/Aug/2026,,21/Jul/2026 05:43 PM,04/Aug/2026,,
BVA-I113,In-Conversation Search,"Asa user, I want to search within a specific conversation, so that I can quicklyfind a message, payment, or file without scrolling back manually.Acceptance Criteria● Search field with All / Messages / Payments /Files filter tabs● Typing highlights matching text inline withinthe conversation results● A result count and up/down navigation (e.g.""1 of 2"") lets the user step between matches● Clearing the search field resets the viewhttps://www.figma.com/design/rgoYXchj9GTX4LkTELR0cb/BEEVIA?node-id=1406-36977&t=TaX7HIos2P5TtwmI-4",21/Jul/2026 05:44 PM,0702,Fortune Okwu,,,Unassigned,REVIEW/QA,,Story,None,,,,,0,,00:00/day,00:00,hrs/day,,Start,21/Jul/2026,07/Aug/2026,,21/Jul/2026 05:44 PM,07/Aug/2026,,
BVA-I114,Conversation-Scoped Search,"Build a message search endpoint scoped to asingle conversation, filterable by type (messages, payments, files).https://www.figma.com/design/rgoYXchj9GTX4LkTELR0cb/BEEVIA?node-id=1406-36977&t=TaX7HIos2P5TtwmI-4",21/Jul/2026 05:45 PM,0702,Fortune Okwu,,,David Samuel,REVIEW/QA,,Task,None,,,,,0,,00:00/day,00:00,hrs/day,BVA-I113,Start,21/Jul/2026,07/Aug/2026,,21/Jul/2026 05:45 PM,05/Aug/2026,,
BVA-I115,"Search UI, Highlighting & Navigation","Build the search bar, filter tabs, inlinehighlighting of matches, and up/down result navigation.https://www.figma.com/design/rgoYXchj9GTX4LkTELR0cb/BEEVIA?node-id=1406-36977&t=TaX7HIos2P5TtwmI-4",21/Jul/2026 05:45 PM,0702,Fortune Okwu,,,David Samuel,REVIEW/QA,,Task,None,,,,,0,,00:00/day,00:00,hrs/day,BVA-I113,Start,21/Jul/2026,07/Aug/2026,,21/Jul/2026 05:45 PM,04/Aug/2026,,
BVA-I116,"Shared Media, Documents & Links Viewer","Asa user, I want to browse all the photos, documents, and links shared in aconversation in one place, so that I don't have to scroll back through thewhole chat history to find something that was shared earlier.Acceptance Criteria● Three tabs: Media (photo grid), Documents(list with filename, size, date), Links (list with title, URL, date)● Tapping an item opens or previews ithttps://www.figma.com/design/rgoYXchj9GTX4LkTELR0cb/BEEVIA?node-id=1418-40794&t=TaX7HIos2P5TtwmI-4",21/Jul/2026 05:46 PM,0702,Fortune Okwu,,,Unassigned,REVIEW/QA,,Story,None,,,,,0,,00:00/day,00:00,hrs/day,,Start,21/Jul/2026,07/Aug/2026,,21/Jul/2026 05:46 PM,07/Aug/2026,,
BVA-I117,Shared Content Fetch by Category,"Build the endpoint to fetch a conversation'sshared media, documents, and links, categorized by type.https://www.figma.com/design/rgoYXchj9GTX4LkTELR0cb/BEEVIA?node-id=1418-40794&t=TaX7HIos2P5TtwmI-4",21/Jul/2026 05:47 PM,0702,Fortune Okwu,,,Ayomikun Araoye,REVIEW/QA,,Task,None,,,,,0,,00:00/day,00:00,hrs/day,BVA-I116,Start,21/Jul/2026,07/Aug/2026,,21/Jul/2026 05:47 PM,04/Aug/2026,,
BVA-I118,Tabbed Media/Documents/Links Screen,"Build the tabbed screen with grid and listlayouts, and handle opening/previewing each item type.https://www.figma.com/design/rgoYXchj9GTX4LkTELR0cb/BEEVIA?node-id=1418-40794&t=TaX7HIos2P5TtwmI-4",21/Jul/2026 05:48 PM,0702,Fortune Okwu,,,David Samuel,REVIEW/QA,,Task,None,,,,,0,,00:00/day,00:00,hrs/day,BVA-I116,Start,21/Jul/2026,07/Aug/2026,,21/Jul/2026 05:48 PM,04/Aug/2026,,
BVA-I119,Conversation Settings,"Asa user, I want a dedicated settings panel for each conversation, so that I cancontrol privacy and manage that specific chat's data independently from myother conversations.Acceptance Criteria● Read Receipt toggle, per conversation● Clear Chats routes to the clear confirmation ● Export Chats routes to the export confirmation● Mute Notifications toggle● Block Contact routes to the block confirmationhttps://www.figma.com/design/rgoYXchj9GTX4LkTELR0cb/BEEVIA?node-id=1479-42857&t=TaX7HIos2P5TtwmI-4",21/Jul/2026 05:50 PM,0702,Fortune Okwu,,,Unassigned,REVIEW/QA,,Story,None,,,,,0,,00:00/day,00:00,hrs/day,,Start,21/Jul/2026,07/Aug/2026,,21/Jul/2026 05:50 PM,07/Aug/2026,,
BVA-I120,Conversation Settings Screen,Build this settings screen and wire each rowto its corresponding toggle or destination.https://www.figma.com/design/rgoYXchj9GTX4LkTELR0cb/BEEVIA?node-id=1479-42857&t=TaX7HIos2P5TtwmI-4,21/Jul/2026 05:50 PM,0702,Fortune Okwu,,,David Samuel,REVIEW/QA,,Task,None,,,,,0,,00:00/day,00:00,hrs/day,BVA-I119,Start,21/Jul/2026,07/Aug/2026,,21/Jul/2026 05:50 PM,04/Aug/2026,,
BVA-I121,Clear Chat ,"Asa user, I want to clear all messages in a conversation from my device, so thatI can free up space or start fresh, without affecting what the other personsees on their end.Acceptance Criteria● Confirmation sheet reads: ""Remove allmessages from this device.""● Clear Chat proceeds with the local clear;Cancel dismisses with no action● This only affects the acting user's own copyof the conversation",22/Jul/2026 12:01 PM,0702,Fortune Okwu,,,Unassigned,REVIEW/QA,,Story,None,,,,,0,,00:00/day,00:00,hrs/day,,Start,21/Jul/2026,07/Aug/2026,,22/Jul/2026 12:01 PM,07/Aug/2026,,
BVA-I122,Per-User Clear Semantics,"Implement a per-user clear marker (e.g. a""cleared before"" timestamp) so the conversation appears empty forthis user without affecting the other participant, and so re-syncing on a newdevice doesn't restore cleared messages.",22/Jul/2026 12:04 PM,0702,Fortune Okwu,,,Ayomikun Araoye,REVIEW/QA,,Task,None,,,,,0,,00:00/day,00:00,hrs/day,BVA-I121,Start,21/Jul/2026,07/Aug/2026,,22/Jul/2026 12:04 PM,04/Aug/2026,,
BVA-I123,Clear Chat Confirmation & Action,Build the confirmation sheet and wire theclear action.,22/Jul/2026 12:05 PM,0702,Fortune Okwu,,,David Samuel,REVIEW/QA,,Task,None,,,,,0,,00:00/day,00:00,hrs/day,BVA-I121,Start,21/Jul/2026,07/Aug/2026,,22/Jul/2026 12:05 PM,06/Aug/2026,,
BVA-I124,Export Chat,"Asa user, I want to export a conversation as a text file, so that I can keep apersonal record or share the conversation outside the app.Acceptance Criteria● Confirmation sheet reads: ""Export thisconversation as a text file.""● Export Chat generates the file and triggersthe native share/save sheet; Cancel dismisses with no actionhttps://www.figma.com/design/rgoYXchj9GTX4LkTELR0cb/BEEVIA?node-id=1487-4714&t=TaX7HIos2P5TtwmI-4​",22/Jul/2026 12:06 PM,0702,Fortune Okwu,,,Unassigned,REVIEW/QA,,Story,None,,,,,0,,00:00/day,00:00,hrs/day,,Start,21/Jul/2026,07/Aug/2026,,22/Jul/2026 12:06 PM,07/Aug/2026,,
BVA-I125,Conversation Text Export,Build the endpoint or process to generate atext-file export of a conversation's messages.https://www.figma.com/design/rgoYXchj9GTX4LkTELR0cb/BEEVIA?node-id=1487-4714&t=TaX7HIos2P5TtwmI-4,22/Jul/2026 12:07 PM,0702,Fortune Okwu,,,David Samuel,REVIEW/QA,,Task,None,,,,,0,,00:00/day,00:00,hrs/day,BVA-I124,Start,21/Jul/2026,07/Aug/2026,,22/Jul/2026 12:07 PM,05/Aug/2026,,
BVA-I126,Export Confirmation & Native Share,Build the confirmation sheet and trigger thenative share/save sheet with the generated file.https://www.figma.com/design/rgoYXchj9GTX4LkTELR0cb/BEEVIA?node-id=1487-4714&t=TaX7HIos2P5TtwmI-4,22/Jul/2026 12:07 PM,0702,Fortune Okwu,,,David Samuel,REVIEW/QA,,Task,None,,,,,0,,00:00/day,00:00,hrs/day,BVA-I124,Start,21/Jul/2026,07/Aug/2026,,22/Jul/2026 12:07 PM,04/Aug/2026,,
BVA-I127,Block Contact (from Profile & from Conversation Settings),"Asa user, I want to block a contact from either their profile or the conversationsettings, so that I can stop unwanted messages or calls from reaching me,regardless of where I initiate it.Acceptance Criteria● Confirmation sheet reads: ""Prevent thisperson from messaging or calling you.""● Block proceeds and adds the contact to BlockedContacts; Cancel dismisses with no action● Reachable from both Contact Profile andConversation Settings",22/Jul/2026 12:09 PM,0702,Fortune Okwu,,,Unassigned,REVIEW/QA,,Story,None,,,,,0,,00:00/day,00:00,hrs/day,,Start,21/Jul/2026,07/Aug/2026,,22/Jul/2026 12:09 PM,07/Aug/2026,,
BVA-I128,Block Action,"Build the block endpoint, preventing messagingand calling in both directions, and feeding the Blocked Contacts list",22/Jul/2026 12:09 PM,0702,Fortune Okwu,,,Ayomikun Araoye,REVIEW/QA,,Task,None,,,,,0,,00:00/day,00:00,hrs/day,BVA-I127,Start,21/Jul/2026,07/Aug/2026,,22/Jul/2026 12:09 PM,04/Aug/2026,,
BVA-I129,Block Confirmation (Both Entry Points),Build the confirmation sheet and wire it fromboth the Contact Profile and Conversation Settings entry points.,22/Jul/2026 12:10 PM,0702,Fortune Okwu,,,David Samuel,REVIEW/QA,,Task,None,,,,,0,,00:00/day,00:00,hrs/day,BVA-I127,Start,21/Jul/2026,07/Aug/2026,,22/Jul/2026 12:10 PM,04/Aug/2026,,
BVA-I130,Report Contact,"Asa user, I want to report a conversation to Beevia, so that the team can reviewconcerning behavior and take appropriate action.Acceptance Criteria● Confirmation sheet reads: ""Report thisconversation to Beevia.""● Report submits the report; Cancel dismisseswith no action",22/Jul/2026 12:14 PM,0702,Fortune Okwu,,,Unassigned,REVIEW/QA,,Story,None,,,,,0,,00:00/day,00:00,hrs/day,,Start,21/Jul/2026,07/Aug/2026,,22/Jul/2026 12:14 PM,07/Aug/2026,,
BVA-I131,Report Submission,"Build the report submission endpoint,including relevant recent conversation context for review (the last 5 conversations)",22/Jul/2026 12:15 PM,0702,Fortune Okwu,,,Ayomikun Araoye,REVIEW/QA,,Task,None,,,,,0,,00:00/day,00:00,hrs/day,BVA-I130,Start,21/Jul/2026,07/Aug/2026,,22/Jul/2026 12:15 PM,04/Aug/2026,,
BVA-I132,Report Confirmation & Submission,Build the confirmation sheet and wire thereport submission.https://www.figma.com/design/rgoYXchj9GTX4LkTELR0cb/BEEVIA?node-id=1488-4917&t=TaX7HIos2P5TtwmI-4,22/Jul/2026 12:16 PM,0702,Fortune Okwu,,,David Samuel,REVIEW/QA,,Task,None,,,,,0,,00:00/day,00:00,hrs/day,BVA-I130,Start,21/Jul/2026,07/Aug/2026,,22/Jul/2026 12:16 PM,04/Aug/2026,,
BVA-I133,Delete Individual Message - Delete for Me / Delete for Everyone,"Asa user, I want to delete a single message I've sent, either just from my ownview or for everyone in the conversation, so that I can correct mistakes orremove something I no longer want visible with no deletion trailAcceptance Criteria● A long-press (or equivalent) on a messagesurfaces delete options: ""Delete for Me"" and ""Delete forEveryone"", ● ""Delete for Me"" removes the messagefrom the acting user's own view only; the other participant's copy isunaffected● ""Delete for Everyone"" removes themessage from both participants' views entirely, with no placeholder or""this message was deleted"" marker left behind, the message shouldappear as though it was never sent, on both sides",22/Jul/2026 12:18 PM,0702,Fortune Okwu,,,Unassigned,REVIEW/QA,,Story,None,,,,,0,,00:00/day,00:00,hrs/day,,Start,21/Jul/2026,07/Aug/2026,,22/Jul/2026 12:18 PM,07/Aug/2026,,
BVA-I134,Message Delete Interaction Design,"Design the long-press/context-menu interactionfor an individual message, and the two delete options (Delete for Me / Deletefor Everyone).",22/Jul/2026 12:19 PM,0702,Fortune Okwu,,24/Jul/2026 05:01 PM,Philip Chidera,Done,,Task,None,,,,,0,,00:00/day,00:00,hrs/day,BVA-I133,Start,21/Jul/2026,07/Aug/2026,,22/Jul/2026 12:19 PM,24/Jul/2026,,
BVA-I135,Per-User & Delete for Everyone Logic,"Implement per-user local-delete (hides themessage for one user only) and true delete-for-everyone (removes the messagefrom both users' history and any active sync/fetch, no trace left behind.),including correct handling for a recipient who is offline at the moment ofdeletion, the message must never be delivered or shown to them once theyreconnect.",22/Jul/2026 12:21 PM,0702,Fortune Okwu,,,Ayomikun Araoye,REVIEW/QA,,Task,None,,,,,0,,00:00/day,00:00,hrs/day,BVA-I133,Start,21/Jul/2026,07/Aug/2026,,22/Jul/2026 12:21 PM,05/Aug/2026,,
BVA-I136,Delete Interaction & Both Delete Flows,"Build the long-press context menu and bothdelete flows, ensuring the local UI removes the message immediately with noplaceholder in either case.",22/Jul/2026 12:21 PM,0702,Fortune Okwu,,,David Samuel,REVIEW/QA,,Task,None,,,,,0,,00:00/day,00:00,hrs/day,BVA-I133,Start,21/Jul/2026,07/Aug/2026,,22/Jul/2026 12:21 PM,06/Aug/2026,,
BVA-I137,Admin Login & Role-Based Access,"Asan admin, I want to log into the admin web app securely and see only the toolsrelevant to my role, so that sensitive actions and data stay restricted to thepeople who should have them.Acceptance Criteria● Admin login restricted to invited adminaccounts only (no public sign-up)● Each admin is assigned exactly one role:Support, Compliance, or Super Admin● Screens and actions outside an admin's roleare hidden entirely, not just disabled, a Support admin should not see thatCompliance-only tools exist● Two-factor authentication (2FA) is requiredfor every admin account, regardless of role, with no option to disable it● Session handling (timeouts, logout)appropriate for an internal tool handling sensitive user data",22/Jul/2026 12:58 PM,0702,Fortune Okwu,,,Unassigned,REVIEW/QA,Admin,Story,None,,,,,0,,00:00/day,00:00,hrs/day,,Start,21/Jul/2026,07/Aug/2026,,22/Jul/2026 12:58 PM,07/Aug/2026,,
BVA-I138, Admin Login & Role Aware Navigation,"Design the admin login screen and the overallnavigation shell, showing how it adapts based on role (which sectionsappear/disappear per role).",22/Jul/2026 12:59 PM,0702,Fortune Okwu,,,Philip Chidera,REVIEW/QA,Admin,Task,None,,,,,0,,00:00/day,00:00,hrs/day,BVA-I137,Start,21/Jul/2026,07/Aug/2026,,22/Jul/2026 12:59 PM,04/Aug/2026,,
BVA-I139,Admin Auth & Role Enforcement,"Build admin authentication and server-siderole enforcement, every endpoint must check role, not just the UI hidesections client-side.",22/Jul/2026 12:59 PM,0702,Fortune Okwu,,,Ayomikun Araoye,REVIEW/QA,Admin,Task,None,,,,,0,,00:00/day,00:00,hrs/day,BVA-I137,Start,21/Jul/2026,07/Aug/2026,,22/Jul/2026 12:59 PM,04/Aug/2026,,
BVA-I140,Manage Admin Accounts & Roles,"Asa Super Admin, I want to create, edit, and deactivate admin accounts and assigntheir roles, so that I can control who has access to the admin app and whatthey can do.Acceptance Criteria● Super Admin can invite a new admin by email,assigning their initial role● Super Admin can change an existing admin'srole● Super Admin can deactivate an admin account,which revokes access immediately● Super Admin can reactivate a previouslydeactivated account● This entire screen and its actions are visibleonly to Super Admins",22/Jul/2026 01:02 PM,0702,Fortune Okwu,,,Unassigned,REVIEW/QA,Admin,Story,None,,,,,0,,00:00/day,00:00,hrs/day,,Start,21/Jul/2026,07/Aug/2026,,22/Jul/2026 01:02 PM,07/Aug/2026,,
BVA-I141,Admin Account Management Screen,"Design the Super-Admin-only screen forinviting, editing, and deactivating admin accounts, and assigning roles.",22/Jul/2026 01:03 PM,0702,Fortune Okwu,,29/Jul/2026 09:36 AM,Philip Chidera,Done,Admin,Task,None,,,,,0,,00:00/day,00:00,hrs/day,BVA-I140,Start,21/Jul/2026,07/Aug/2026,,22/Jul/2026 01:03 PM,29/Jul/2026,,
BVA-I142,Admin Account CRUD & Invitations,"Build the endpoints for inviting, editing,deactivating, and reactivating admin accounts, restricted to Super Admincallers.",22/Jul/2026 01:03 PM,0702,Fortune Okwu,,,Ayomikun Araoye,REVIEW/QA,Admin,Task,None,,,,,0,,00:00/day,00:00,hrs/day,BVA-I140,Start,21/Jul/2026,07/Aug/2026,,22/Jul/2026 01:03 PM,04/Aug/2026,,
BVA-I143,User Search & Directory,"Asan admin, I want to search for a specific Beevia user by phone number, name,username, or email, so that I can quickly find their account when helping witha support issue or reviewing compliance details.Acceptance Criteria● Search supports phone number, name, username,and email● Results show enough at-a-glance info toconfirm the correct match (name, phone, account type, verification status)● Selecting a result opens the full AccountDetail view ● Available to all three roles at read level",22/Jul/2026 01:06 PM,0702,Fortune Okwu,,,Unassigned,REVIEW/QA,Admin,Story,None,,,,,0,,00:00/day,00:00,hrs/day,,Start,21/Jul/2026,07/Aug/2026,,22/Jul/2026 01:06 PM,07/Aug/2026,,
BVA-I144,User Search Screen,"Design the search interface and results list,including the at-a-glance info shown per result.",22/Jul/2026 01:06 PM,0702,Fortune Okwu,,28/Jul/2026 04:53 PM,Philip Chidera,Done,Admin,Task,None,,,,,0,,00:00/day,00:00,hrs/day,BVA-I143,Start,21/Jul/2026,07/Aug/2026,,22/Jul/2026 01:06 PM,28/Jul/2026,,
BVA-I145,User Search Endpoint,"Build the search endpoint across phone, name,username, and email, with reasonable performance for a growing user base.",22/Jul/2026 01:06 PM,0702,Fortune Okwu,,,Ayomikun Araoye,REVIEW/QA,Admin,Task,None,,,,,0,,00:00/day,00:00,hrs/day,BVA-I143,Start,21/Jul/2026,07/Aug/2026,,22/Jul/2026 01:06 PM,04/Aug/2026,,
BVA-I146,User Account Detail View,"Asan admin, I want to view a user's full account details in one place, so that Ican understand their account status and history when assisting them orreviewing their compliance record.Acceptance Criteria● Shows profile info: name, username, phone,email, date of birth, country, account type (chat-only / chat + banking),verification status, join date● Shows onboarding progress, which step theuser has completed, and if incomplete, where they're currently stuck● Shows wallet status for Chat + Banking users● Support role sees standard profile andonboarding info● Compliance and Super Admin additionally seethe KYC/verification detail panel ● This screen is the entry point tosuspend/reactivate (AD5), assisted PIN reset, and case notes",22/Jul/2026 01:08 PM,0702,Fortune Okwu,,,Unassigned,REVIEW/QA,Admin,Story,None,,,,,0,,00:00/day,00:00,hrs/day,,Start,21/Jul/2026,07/Aug/2026,,22/Jul/2026 01:08 PM,07/Aug/2026,,
BVA-I147,Account Detail Screen (Role-Aware Layout),"Design the account detail screen, includinghow its layout/content changes between Support view and Compliance/Super Adminview.",22/Jul/2026 01:09 PM,0702,Fortune Okwu,,03/Aug/2026 04:04 PM,Philip Chidera,Done,Admin,Task,None,,,,,0,,00:00/day,00:00,hrs/day,BVA-I146,Start,21/Jul/2026,07/Aug/2026,,22/Jul/2026 01:09 PM,03/Aug/2026,,
BVA-I148,Account Detail Aggregation Endpoint,"Build the endpoint aggregating profile,onboarding status, and wallet info for a given user, respecting role-basedfield visibility server-side.",22/Jul/2026 01:09 PM,0702,Fortune Okwu,,,Ayomikun Araoye,REVIEW/QA,Admin,Task,None,,,,,0,,00:00/day,00:00,hrs/day,BVA-I146,Start,21/Jul/2026,07/Aug/2026,,22/Jul/2026 01:09 PM,04/Aug/2026,,
BVA-I149,Suspend / Reactivate User Account,"Asan admin, I want to suspend or reactivate a user's account, so that I canrespond to policy violations, security concerns, or user requests to pausetheir account.Acceptance Criteria● Suspending requires selecting a reason (from adefined list) plus an optional note● A suspended user cannot log in, message, call,or transact until reactivated● Reactivating reverses this immediately● Every suspend/reactivate action is logged withthe acting admin's identity, timestamp, and reason● Suspension severity is role-gated: Support cansuspend/reactivate for user-requested or account-safety reasons only;suspensions tied to policy violations (full bans) are restricted to Complianceand Super Admin",22/Jul/2026 01:10 PM,0702,Fortune Okwu,,,Unassigned,REVIEW/QA,Admin,Story,None,,,,,0,,00:00/day,00:00,hrs/day,,Start,21/Jul/2026,07/Aug/2026,,22/Jul/2026 01:10 PM,07/Aug/2026,,
BVA-I150,Suspend/Reactivate Flow,"Design the suspend/reactivate action,including the reason-selection step (with role-gated reason options) andconfirmation.",22/Jul/2026 01:11 PM,0702,Fortune Okwu,,31/Jul/2026 02:10 PM,Philip Chidera,Done,Admin,Task,None,,,,,0,,00:00/day,00:00,hrs/day,BVA-I149,Start,21/Jul/2026,07/Aug/2026,,22/Jul/2026 01:11 PM,31/Jul/2026,,
BVA-I151,Suspend/Reactivate Enforcement & Audit Log,"Build the suspend/reactivate logic thatactually blocks the relevant user actions, enforces which reasons/severitieseach role can select server-side, plus the audit log entry.",22/Jul/2026 01:11 PM,0702,Fortune Okwu,,,Ayomikun Araoye,REVIEW/QA,Admin,Task,None,,,,,0,,00:00/day,00:00,hrs/day,BVA-I149,Start,21/Jul/2026,07/Aug/2026,,22/Jul/2026 01:11 PM,07/Aug/2026,,
BVA-I152,Support Case Notes on a User Account,"Asa Support admin, I want to log notes on a user's account when I help them withan issue, so that there's a record other admins can see if the same userreaches out again.Acceptance Criteria● Admin can add a timestamped note to a user'saccount from the Account Detail view● Notes show which admin wrote them and when● Notes are visible to all admin roles withaccess to that account",22/Jul/2026 01:16 PM,0702,Fortune Okwu,,,Unassigned,REVIEW/QA,Admin,Story,None,,,,,0,,00:00/day,00:00,hrs/day,,Start,21/Jul/2026,07/Aug/2026,,22/Jul/2026 01:16 PM,07/Aug/2026,,
BVA-I153,Case Notes UI,Design the note-adding interaction and thenote history display within Account Detail.,22/Jul/2026 01:16 PM,0702,Fortune Okwu,,30/Jul/2026 04:36 PM,Philip Chidera,Done,Admin,Task,None,,,,,0,,00:00/day,00:00,hrs/day,BVA-I152,Start,21/Jul/2026,07/Aug/2026,,22/Jul/2026 01:16 PM,30/Jul/2026,,
BVA-I154,Case Notes Storage,"Build the endpoint to store and retrievetimestamped, attributed notes per user account.",22/Jul/2026 01:17 PM,0702,Fortune Okwu,,,Ayomikun Araoye,REVIEW/QA,Admin,Task,None,,,,,0,,00:00/day,00:00,hrs/day,BVA-I152,Start,21/Jul/2026,07/Aug/2026,,22/Jul/2026 01:17 PM,07/Aug/2026,,
BVA-I155,KYC / Verification Status Panel,"Asa Compliance admin, I want to see a user's KYC verification details and historywithin their account view, so that I can assess their verification statuswithout needing a separate tool.Acceptance Criteria● Shows the verification method used (face orrecord), the result, and the timestamp● Shows BVN verification status, with sensitivedata masked appropriately ● Only visible to Compliance and Super Adminroles, embedded within the Account Detail view",22/Jul/2026 01:18 PM,0702,Fortune Okwu,,,Unassigned,REVIEW/QA,Admin,Story,None,,,,,0,,00:00/day,00:00,hrs/day,,Start,21/Jul/2026,07/Aug/2026,,22/Jul/2026 01:18 PM,07/Aug/2026,,
BVA-I156,KYC Status Panel,"Design the KYC/verification detail panel,including how sensitive fields (like BVN) are masked or partially shown.",22/Jul/2026 01:18 PM,0702,Fortune Okwu,,30/Jul/2026 04:13 PM,Philip Chidera,Done,Admin,Task,None,,,,,0,,00:00/day,00:00,hrs/day,BVA-I155,Start,21/Jul/2026,07/Aug/2026,,22/Jul/2026 01:18 PM,30/Jul/2026,,
BVA-I157,KYC Status Data Exposure,"Build the endpoint exposing verificationmethod, result, and status for a user, applying appropriate data maskingserver-side rather than relying on the UI to hide it.",22/Jul/2026 01:19 PM,0702,Fortune Okwu,,,Ayomikun Araoye,REVIEW/QA,Admin,Task,None,,,,,0,,00:00/day,00:00,hrs/day,BVA-I155,Start,21/Jul/2026,07/Aug/2026,,22/Jul/2026 01:19 PM,07/Aug/2026,,
